name,caption
1.png,Покемон типа травы и ядовитого типа
2.png,Покемон типа травы и ядовитого типа
3.png,Покемон типа травы и ядовитого типа
4.png,Покемон огня
5.png,Покемон огня
6.png,Покемон пожарного типа и летающий
7.png,Покемон воды
8.png,Покемон воды
9.png,Покемон воды
10.png,Покемон типа ошибки
11.png,Покемон типа ошибки
12.png,Покемон типа ошибки и летающий
13.png,Покемон типа ошибок и ядовитого типа
14.png,Покемон типа ошибок и ядовитого типа
15.png,Покемон типа ошибок и ядовитого типа
16.png,Покемон нормального типа и летающего типа
17.png,Покемон нормального типа и летающего типа
18.png,Покемон нормального типа и летающего типа
19.png,Покемон нормального типа
20.png,Покемон нормального типа
21.png,Покемон нормального типа и летающего типа
22.png,Покемон нормального типа и летающего типа
23.png,Покемон ядовитого типа
24.png,Покемон ядовитого типа
25.png,Покемон электрического типа
26.png,Покемон электрического типа
27.png,Покемон наземного типа
28.png,Покемон наземного типа
29.png,Покемон ядовитого типа
30.png,Покемон ядовитого типа
31.png,Тип ядовита и покемонов
32.png,Покемон ядовитого типа
33.png,Покемон ядовитого типа
34.png,Тип ядовита и покемонов
35.png,Сказочный покемон
36.png,Сказочный покемон
37.png,Покемон огня
38.png,Покемон огня
39.png,Покемон нормального типа и сказочного типа
40.png,Покемон нормального типа и сказочного типа
41.png,Ядовитый и покемон
42.png,Ядовитый и покемон
43.png,Покемон типа травы и ядовитого типа
44.png,Покемон типа травы и ядовитого типа
45.png,Покемон типа травы и ядовитого типа
46.png,Покемон типа ошибки и травяного типа
47.png,Покемон типа ошибки и травяного типа
48.png,Покемон типа ошибок и ядовитого типа
49.png,Покемон типа ошибок и ядовитого типа
50.png,Покемон наземного типа
51.png,Покемон наземного типа
52.png,Покемон нормального типа
53.png,Покемон нормального типа
54.png,Покемон воды
55.png,Покемон воды
56.png,Покемон боевого типа
57.png,Покемон боевого типа
58.png,Покемон огня
59.png,Покемон огня
60.png,Покемон воды
61.png,Покемон воды
62.png,Покемон с водным типом и боевым типом
63.png,Покемон психического типа
64.png,Покемон психического типа
65.png,Покемон психического типа
66.png,Покемон боевого типа
67.png,Покемон боевого типа
68.png,Покемон боевого типа
69.png,Покемон типа травы и ядовитого типа
70.png,Покемон типа травы и ядовитого типа
71.png,Покемон типа травы и ядовитого типа
72.png,Покемон типа водяного типа и ядовитого типа
73.png,Покемон типа водяного типа и ядовитого типа
74.png,Покемон типа рок-типа и наземного типа
75.png,Покемон типа рок-типа и наземного типа
76.png,Покемон типа рок-типа и наземного типа
77.png,Покемон огня
78.png,Покемон огня
79.png,Покемон типа воды и психического типа
80.png,Покемон типа воды и психического типа
81.png,Электрический и стальной покемон
82.png,Электрический и стальной покемон
83.png,Покемон нормального типа и летающего типа
84.png,Покемон нормального типа и летающего типа
85.png,Покемон нормального типа и летающего типа
86.png,Покемон воды
87.png,Покемон типа воды и ледяного типа
88.png,Покемон ядовитого типа
89.png,Покемон ядовитого типа
90.png,Покемон воды
91.png,Покемон типа воды и ледяного типа
92.png,Тип призрака и покемонов
93.png,Тип призрака и покемонов
94.png,Тип призрака и покемонов
95.png,Покемон типа рок-типа и наземного типа
96.png,Покемон психического типа
97.png,Покемон психического типа
98.png,Покемон воды
99.png,Покемон воды
100.png,Покемон электрического типа
101.png,Покемон электрического типа
102.png,Покемон типа травы и психического типа
103.png,Покемон типа травы и психического типа
104.png,Покемон наземного типа
105.png,Покемон наземного типа
106.png,Покемон боевого типа
107.png,Покемон боевого типа
108.png,Покемон нормального типа
109.png,Покемон ядовитого типа
110.png,Покемон ядовитого типа
111.png,Покемон наземного типа и рок-типа
112.png,Покемон наземного типа и рок-типа
113.png,Покемон нормального типа
114.png,Покемон типа травы
115.png,Покемон нормального типа
116.png,Покемон воды
117.png,Покемон воды
118.png,Покемон воды
119.png,Покемон воды
120.png,Покемон воды
121.png,Покемон типа воды и психического типа
122.png,Покемон психического типа и сказочного типа
123.png,Покемон типа ошибки и летающий
124.png,Покемон типа льда и психического типа
125.png,Покемон электрического типа
126.png,Покемон огня
127.png,Покемон типа ошибки
128.png,Покемон нормального типа
129.png,Покемон воды
130.png,Покемон типа водяного типа и летающего типа
131.png,Покемон типа воды и ледяного типа
132.png,Покемон нормального типа
133.png,Покемон нормального типа
134.png,Покемон воды
135.png,Покемон электрического типа
136.png,Покемон огня
137.png,Покемон нормального типа
138.png,Покемон типа рок-типа и водяного типа
139.png,Покемон типа рок-типа и водяного типа
140.png,Покемон типа рок-типа и водяного типа
141.png,Покемон типа рок-типа и водяного типа
142.png,Тип рок-типа и покемонов летающего типа
143.png,Покемон нормального типа
144.png,Покемон типа льда и летающего типа
145.png,Электрический тип и покемонов летающего типа
146.png,Покемон пожарного типа и летающий
147.png,Покемон типа дракона
148.png,Покемон типа дракона
149.png,Покемон типа дракона и летающий
150.png,Покемон психического типа
151.png,Покемон психического типа
152.png,Покемон типа травы
153.png,Покемон типа травы
154.png,Покемон типа травы
155.png,Покемон огня
156.png,Покемон огня
157.png,Покемон огня
158.png,Покемон воды
159.png,Покемон воды
160.png,Покемон воды
161.png,Покемон нормального типа
162.png,Покемон нормального типа
163.png,Покемон нормального типа и летающего типа
164.png,Покемон нормального типа и летающего типа
165.png,Покемон типа ошибки и летающий
166.png,Покемон типа ошибки и летающий
167.png,Покемон типа ошибок и ядовитого типа
168.png,Покемон типа ошибок и ядовитого типа
169.png,Ядовитый и покемон
170.png,Покемон воды и электрического типа
171.png,Покемон воды и электрического типа
172.png,Покемон электрического типа
173.png,Сказочный покемон
174.png,Покемон нормального типа и сказочного типа
175.png,Сказочный покемон
176.png,Сказочный и покемон с летающим типом
177.png,Психический тип и покемонов летающего типа
178.png,Психический тип и покемонов летающего типа
179.png,Покемон электрического типа
180.png,Покемон электрического типа
181.png,Покемон электрического типа
182.png,Покемон типа травы
183.png,Покемон воды и сказочного типа
184.png,Покемон воды и сказочного типа
185.png,Покемон рок-типа
186.png,Покемон воды
187.png,Покемон типа травы и летающего типа
188.png,Покемон типа травы и летающего типа
189.png,Покемон типа травы и летающего типа
190.png,Покемон нормального типа
191.png,Покемон типа травы
192.png,Покемон типа травы
193.png,Покемон типа ошибки и летающий
194.png,Покемон типа воды и наземного типа
195.png,Покемон типа воды и наземного типа
196.png,Покемон психического типа
197.png,Темный покемон
198.png,Темный тип и покемонов летающего типа
199.png,Покемон типа воды и психического типа
200.png,Покемон типа призрака
201.png,Покемон психического типа
202.png,Покемон психического типа
203.png,Покемон нормального типа и психического типа
204.png,Покемон типа ошибки
205.png,Покемон типа ошибки и стального типа
206.png,Покемон нормального типа
207.png,Покемон наземного типа и летающего типа
208.png,Стальной и наземной покемон
209.png,Сказочный покемон
210.png,Сказочный покемон
211.png,Покемон типа водяного типа и ядовитого типа
212.png,Покемон типа ошибки и стального типа
213.png,Покемон типа ошибки и рок-типа
214.png,Тип ошибки и покемонов с боевым типом
215.png,Темный и ледяной покемон
216.png,Покемон нормального типа
217.png,Покемон нормального типа
218.png,Покемон огня
219.png,Покемон типа огня и рок-типа
220.png,Покемон типа ледяного типа и наземного типа
221.png,Покемон типа ледяного типа и наземного типа
222.png,Покемон типа воды и рок-типа
223.png,Покемон воды
224.png,Покемон воды
225.png,Покемон типа льда и летающего типа
226.png,Покемон типа водяного типа и летающего типа
227.png,Стальной и летающий покемон
228.png,Темный и огненный покемон
229.png,Темный и огненный покемон
230.png,Покемон типа воды и дракона
231.png,Покемон наземного типа
232.png,Покемон наземного типа
233.png,Покемон нормального типа
234.png,Покемон нормального типа
235.png,Покемон нормального типа
236.png,Покемон боевого типа
237.png,Покемон боевого типа
238.png,Покемон типа льда и психического типа
239.png,Покемон электрического типа
240.png,Покемон огня
241.png,Покемон нормального типа
242.png,Покемон нормального типа
243.png,Покемон электрического типа
244.png,Покемон огня
245.png,Покемон воды
246.png,Покемон типа рок-типа и наземного типа
247.png,Покемон типа рок-типа и наземного типа
248.png,Тип рок-типа и покемонов темного типа
249.png,Психический тип и покемонов летающего типа
250.png,Покемон пожарного типа и летающий
251.png,Покемон психического типа и травяного типа
252.png,Покемон типа травы
253.png,Покемон типа травы
254.png,Покемон типа травы
255.png,Покемон огня
256.png,Покемон пожарного типа и боевого типа
257.png,Покемон пожарного типа и боевого типа
258.png,Покемон воды
259.png,Покемон типа воды и наземного типа
260.png,Покемон типа воды и наземного типа
261.png,Темный покемон
262.png,Темный покемон
263.png,Покемон нормального типа
264.png,Покемон нормального типа
265.png,Покемон типа ошибки
266.png,Покемон типа ошибки
267.png,Покемон типа ошибки и летающий
268.png,Покемон типа ошибки
269.png,Покемон типа ошибок и ядовитого типа
270.png,Покемон типа воды и травяного типа
271.png,Покемон типа воды и травяного типа
272.png,Покемон типа воды и травяного типа
273.png,Покемон типа травы
274.png,Покемон типа травы и темного типа
275.png,Покемон типа травы и темного типа
276.png,Покемон нормального типа и летающего типа
277.png,Покемон нормального типа и летающего типа
278.png,Покемон типа водяного типа и летающего типа
279.png,Покемон типа водяного типа и летающего типа
280.png,Покемон психического типа и сказочного типа
281.png,Покемон психического типа и сказочного типа
282.png,Покемон психического типа и сказочного типа
283.png,Покемон типа ошибки и водный тип
284.png,Покемон типа ошибки и летающий
285.png,Покемон типа травы
286.png,Покемон типа травы и боевого типа
287.png,Покемон нормального типа
288.png,Покемон нормального типа
289.png,Покемон нормального типа
290.png,Тип ошибки и покемонов наземного типа
291.png,Покемон типа ошибки и летающий
292.png,Покемон типа ошибки и призрачного типа
293.png,Покемон нормального типа
294.png,Покемон нормального типа
295.png,Покемон нормального типа
296.png,Покемон боевого типа
297.png,Покемон боевого типа
298.png,Покемон нормального типа и сказочного типа
299.png,Покемон рок-типа
300.png,Покемон нормального типа
301.png,Покемон нормального типа
302.png,Темный тип и покемонов призрачного типа
303.png,Стальной и сказочный покемон
304.png,Стальной и рок-покемон
305.png,Стальной и рок-покемон
306.png,Стальной и рок-покемон
307.png,Покемон боевого типа и психического типа
308.png,Покемон боевого типа и психического типа
309.png,Покемон электрического типа
310.png,Покемон электрического типа
311.png,Покемон электрического типа
312.png,Покемон электрического типа
313.png,Покемон типа ошибки
314.png,Покемон типа ошибки
315.png,Покемон типа травы и ядовитого типа
316.png,Покемон ядовитого типа
317.png,Покемон ядовитого типа
318.png,Покемон воды и темного типа
319.png,Покемон воды и темного типа
320.png,Покемон воды
321.png,Покемон воды
322.png,Покемон пожарного типа и наземного типа
323.png,Покемон пожарного типа и наземного типа
324.png,Покемон огня
325.png,Покемон психического типа
326.png,Покемон психического типа
327.png,Покемон нормального типа
328.png,Покемон наземного типа
329.png,Покемон типа и дракона
330.png,Покемон типа и дракона
331.png,Покемон типа травы
332.png,Покемон типа травы и темного типа
333.png,Покемон нормального типа и летающего типа
334.png,Покемон типа дракона и летающий
335.png,Покемон нормального типа
336.png,Покемон ядовитого типа
337.png,Тип рок-типа и покемонов психического типа
338.png,Тип рок-типа и покемонов психического типа
339.png,Покемон типа воды и наземного типа
340.png,Покемон типа воды и наземного типа
341.png,Покемон воды
342.png,Покемон воды и темного типа
343.png,Покемон наземного типа и психического типа
344.png,Покемон наземного типа и психического типа
345.png,Покемон типа рок-типа и травяной
346.png,Покемон типа рок-типа и травяной
347.png,Покемон типа рок-типа и
348.png,Покемон типа рок-типа и
349.png,Покемон воды
350.png,Покемон воды
351.png,Покемон нормального типа
352.png,Покемон нормального типа
353.png,Покемон типа призрака
354.png,Покемон типа призрака
355.png,Покемон типа призрака
356.png,Покемон типа призрака
357.png,Покемон типа травы и летающего типа
358.png,Покемон психического типа
359.png,Темный покемон
360.png,Покемон психического типа
361.png,Ледяной покемон
362.png,Ледяной покемон
363.png,Покемон типа льда и водяного типа
364.png,Покемон типа льда и водяного типа
365.png,Покемон типа льда и водяного типа
366.png,Покемон воды
367.png,Покемон воды
368.png,Покемон воды
369.png,Покемон типа воды и рок-типа
370.png,Покемон воды
371.png,Покемон типа дракона
372.png,Покемон типа дракона
373.png,Покемон типа дракона и летающий
374.png,Стальной и психический покемон
375.png,Стальной и психический покемон
376.png,Стальной и психический покемон
377.png,Покемон рок-типа
378.png,Ледяной покемон
379.png,Стальной покемон
380.png,Покемон типа дракона и психического типа
381.png,Покемон типа дракона и психического типа
382.png,Покемон воды
383.png,Покемон наземного типа
384.png,Покемон типа дракона и летающий
385.png,Стальной и психический покемон
386.png,Покемон психического типа
387.png,Покемон типа травы
388.png,Покемон типа травы
389.png,Покемон типа травы и наземного типа
390.png,Покемон огня
391.png,Покемон пожарного типа и боевого типа
392.png,Покемон пожарного типа и боевого типа
393.png,Покемон воды
394.png,Покемон воды
395.png,Покемон типа и стального типа
396.png,Покемон нормального типа и летающего типа
397.png,Покемон нормального типа и летающего типа
398.png,Покемон нормального типа и летающего типа
399.png,Покемон нормального типа
400.png,Покемон нормального типа и водного типа
401.png,Покемон типа ошибки
402.png,Покемон типа ошибки
403.png,Покемон электрического типа
404.png,Покемон электрического типа
405.png,Покемон электрического типа
406.png,Покемон типа травы и ядовитого типа
407.png,Покемон типа травы и ядовитого типа
408.png,Покемон рок-типа
409.png,Покемон рок-типа
410.png,Покемон типа рок-типа и стального типа
411.png,Покемон типа рок-типа и стального типа
412.png,Покемон типа ошибки
413.png,Покемон типа ошибки и травяного типа
414.png,Покемон типа ошибки и летающий
415.png,Покемон типа ошибки и летающий
416.png,Покемон типа ошибки и летающий
417.png,Покемон электрического типа
418.png,Покемон воды
419.png,Покемон воды
420.png,Покемон типа травы
421.png,Покемон типа травы
422.png,Покемон воды
423.png,Покемон типа воды и наземного типа
424.png,Покемон нормального типа
425.png,Тип призрака и покемонов летающего типа
426.png,Тип призрака и покемонов летающего типа
427.png,Покемон нормального типа
428.png,Покемон нормального типа
429.png,Покемон типа призрака
430.png,Темный тип и покемонов летающего типа
431.png,Покемон нормального типа
432.png,Покемон нормального типа
433.png,Покемон психического типа
434.png,Ядовитый и темный покемон
435.png,Ядовитый и темный покемон
436.png,Стальной и психический покемон
437.png,Стальной и психический покемон
438.png,Покемон рок-типа
439.png,Покемон психического типа и сказочного типа
440.png,Покемон нормального типа
441.png,Покемон нормального типа и летающего типа
442.png,Тип призрака и покемонов темного типа
443.png,Покемон типа дракона и наземного типа
444.png,Покемон типа дракона и наземного типа
445.png,Покемон типа дракона и наземного типа
446.png,Покемон нормального типа
447.png,Покемон боевого типа
448.png,Покемон боевого типа и стального типа
449.png,Покемон наземного типа
450.png,Покемон наземного типа
451.png,Покемон типа ядовитого типа и
452.png,Ядовитый и темный покемон
453.png,Тип ядовитого типа и покемонов боевого типа
454.png,Тип ядовитого типа и покемонов боевого типа
455.png,Покемон типа травы
456.png,Покемон воды
457.png,Покемон воды
458.png,Покемон типа водяного типа и летающего типа
459.png,Покемон типа травы и ледяного типа
460.png,Покемон типа травы и ледяного типа
461.png,Темный и ледяной покемон
462.png,Электрический и стальной покемон
463.png,Покемон нормального типа
464.png,Покемон наземного типа и рок-типа
465.png,Покемон типа травы
466.png,Покемон электрического типа
467.png,Покемон огня
468.png,Сказочный и покемон с летающим типом
469.png,Покемон типа ошибки и летающий
470.png,Покемон типа травы
471.png,Ледяной покемон
472.png,Покемон наземного типа и летающего типа
473.png,Покемон типа ледяного типа и наземного типа
474.png,Покемон нормального типа
475.png,Психический тип и покемон с боевым типом
476.png,Покемон типа рок-типа и стального типа
477.png,Покемон типа призрака
478.png,Покемон типа ледяного типа и призрачного типа
479.png,Электрический тип и покемон призрачного типа
480.png,Покемон психического типа
481.png,Покемон психического типа
482.png,Покемон психического типа
483.png,Покемон типа стального и дракона
484.png,Покемон типа воды и дракона
485.png,Покемон типа огня и стального типа
486.png,Покемон нормального типа
487.png,Тип призрака и покемонов типа дракона
488.png,Покемон психического типа
489.png,Покемон воды
490.png,Покемон воды
491.png,Темный покемон
492.png,Покемон типа травы
493.png,Покемон нормального типа
494.png,Покемон психического типа и огненного типа
495.png,Покемон типа травы
496.png,Покемон типа травы
497.png,Покемон типа травы
498.png,Покемон огня
499.png,Покемон пожарного типа и боевого типа
500.png,Покемон пожарного типа и боевого типа
501.png,Покемон воды
502.png,Покемон воды
503.png,Покемон воды
504.png,Покемон нормального типа
505.png,Покемон нормального типа
506.png,Покемон нормального типа
507.png,Покемон нормального типа
508.png,Покемон нормального типа
509.png,Темный покемон
510.png,Темный покемон
511.png,Покемон типа травы
512.png,Покемон типа травы
513.png,Покемон огня
514.png,Покемон огня
515.png,Покемон воды
516.png,Покемон воды
517.png,Покемон психического типа
518.png,Покемон психического типа
519.png,Покемон нормального типа и летающего типа
520.png,Покемон нормального типа и летающего типа
521.png,Покемон нормального типа и летающего типа
522.png,Покемон электрического типа
523.png,Покемон электрического типа
524.png,Покемон рок-типа
525.png,Покемон рок-типа
526.png,Покемон рок-типа
527.png,Психический тип и покемонов летающего типа
528.png,Психический тип и покемонов летающего типа
529.png,Покемон наземного типа
530.png,Покемон наземного типа и стального типа
531.png,Покемон нормального типа
532.png,Покемон боевого типа
533.png,Покемон боевого типа
534.png,Покемон боевого типа
535.png,Покемон воды
536.png,Покемон типа воды и наземного типа
537.png,Покемон типа воды и наземного типа
538.png,Покемон боевого типа
539.png,Покемон боевого типа
540.png,Покемон типа ошибки и травяного типа
541.png,Покемон типа ошибки и травяного типа
542.png,Покемон типа ошибки и травяного типа
543.png,Покемон типа ошибок и ядовитого типа
544.png,Покемон типа ошибок и ядовитого типа
545.png,Покемон типа ошибок и ядовитого типа
546.png,Покемон типа травы и сказочного типа
547.png,Покемон типа травы и сказочного типа
548.png,Покемон типа травы
549.png,Покемон типа травы
550.png,Покемон воды
551.png,Покемон наземного типа и темного типа
552.png,Покемон наземного типа и темного типа
553.png,Покемон наземного типа и темного типа
554.png,Покемон огня
555.png,Покемон огня
556.png,Покемон типа травы
557.png,Покемон типа ошибки и рок-типа
558.png,Покемон типа ошибки и рок-типа
559.png,Темный тип и покемон с боевым типом
560.png,Темный тип и покемон с боевым типом
561.png,Психический тип и покемонов летающего типа
562.png,Покемон типа призрака
563.png,Покемон типа призрака
564.png,Покемон типа воды и рок-типа
565.png,Покемон типа воды и рок-типа
566.png,Тип рок-типа и покемонов летающего типа
567.png,Тип рок-типа и покемонов летающего типа
568.png,Покемон ядовитого типа
569.png,Покемон ядовитого типа
570.png,Темный покемон
571.png,Темный покемон
572.png,Покемон нормального типа
573.png,Покемон нормального типа
574.png,Покемон психического типа
575.png,Покемон психического типа
576.png,Покемон психического типа
577.png,Покемон психического типа
578.png,Покемон психического типа
579.png,Покемон психического типа
580.png,Покемон типа водяного типа и летающего типа
581.png,Покемон типа водяного типа и летающего типа
582.png,Ледяной покемон
583.png,Ледяной покемон
584.png,Ледяной покемон
585.png,Покемон нормального типа и травяного типа
586.png,Покемон нормального типа и травяного типа
587.png,Электрический тип и покемонов летающего типа
588.png,Покемон типа ошибки
589.png,Покемон типа ошибки и стального типа
590.png,Покемон типа травы и ядовитого типа
591.png,Покемон типа травы и ядовитого типа
592.png,Покемон типа воды и призрачного типа
593.png,Покемон типа воды и призрачного типа
594.png,Покемон воды
595.png,Покемон типа ошибки и электрический тип
596.png,Покемон типа ошибки и электрический тип
597.png,Покемон типа травы и стального типа
598.png,Покемон типа травы и стального типа
599.png,Стальной покемон
600.png,Стальной покемон
601.png,Стальной покемон
602.png,Покемон электрического типа
603.png,Покемон электрического типа
604.png,Покемон электрического типа
605.png,Покемон психического типа
606.png,Покемон психического типа
607.png,Покемон типа призрака и огненного типа
608.png,Покемон типа призрака и огненного типа
609.png,Покемон типа призрака и огненного типа
610.png,Покемон типа дракона
611.png,Покемон типа дракона
612.png,Покемон типа дракона
613.png,Ледяной покемон
614.png,Ледяной покемон
615.png,Ледяной покемон
616.png,Покемон типа ошибки
617.png,Покемон типа ошибки
618.png,Покемон наземного типа и электрического типа
619.png,Покемон боевого типа
620.png,Покемон боевого типа
621.png,Покемон типа дракона
622.png,Покемон наземного типа и призрачного типа
623.png,Покемон наземного типа и призрачного типа
624.png,Темный и стальной покемон
625.png,Темный и стальной покемон
626.png,Покемон нормального типа
627.png,Покемон нормального типа и летающего типа
628.png,Покемон нормального типа и летающего типа
629.png,Темный тип и покемонов летающего типа
630.png,Темный тип и покемонов летающего типа
631.png,Покемон огня
632.png,Покемон типа ошибки и стального типа
633.png,Темный и драконский покемон
634.png,Темный и драконский покемон
635.png,Темный и драконский покемон
636.png,Покемон типа ошибки и огненного типа
637.png,Покемон типа ошибки и огненного типа
638.png,Стальной и боевой покемон
639.png,Тип рок-типа и покемонов боевого типа
640.png,Покемон типа травы и боевого типа
641.png,Покемон летающего типа
642.png,Электрический тип и покемонов летающего типа
643.png,Покемон типа дракона и огненного типа
644.png,Покемон типа дракона и электрический тип
645.png,Покемон наземного типа и летающего типа
646.png,Покемон типа дракона и ледяного типа
647.png,Покемон с водным типом и боевым типом
648.png,Покемон нормального типа и психического типа
649.png,Покемон типа ошибки и стального типа
650.png,Покемон типа травы
651.png,Покемон типа травы
652.png,Покемон типа травы и боевого типа
653.png,Покемон огня
654.png,Покемон огня
655.png,Покемон огня и психического типа
656.png,Покемон воды
657.png,Покемон воды
658.png,Покемон воды и темного типа
659.png,Покемон нормального типа
660.png,Покемон нормального типа и наземного типа
661.png,Покемон нормального типа и летающего типа
662.png,Покемон пожарного типа и летающий
663.png,Покемон пожарного типа и летающий
664.png,Покемон типа ошибки
665.png,Покемон типа ошибки
666.png,Покемон типа ошибки и летающий
667.png,Покемон огня и обычный тип
668.png,Покемон огня и обычный тип
669.png,Сказочный покемон
670.png,Сказочный покемон
671.png,Сказочный покемон
672.png,Покемон типа травы
673.png,Покемон типа травы
674.png,Покемон боевого типа
675.png,Боевой и темный покемон
676.png,Покемон нормального типа
677.png,Покемон психического типа
678.png,Покемон психического типа
679.png,Стальной и призрачный покемон
680.png,Стальной и призрачный покемон
681.png,Стальной и призрачный покемон
682.png,Сказочный покемон
683.png,Сказочный покемон
684.png,Сказочный покемон
685.png,Сказочный покемон
686.png,Темный и психический покемон
687.png,Темный и психический покемон
688.png,Покемон типа рок-типа и водяного типа
689.png,Покемон типа рок-типа и водяного типа
690.png,Ядовитый и покемон
691.png,Покемон типа ядовитого типа и дракона
692.png,Покемон воды
693.png,Покемон воды
694.png,Покемон электрического типа и нормального типа
695.png,Покемон электрического типа и нормального типа
696.png,Тип рок-типа и покемонов типа дракона
697.png,Тип рок-типа и покемонов типа дракона
698.png,Тип рок-типа и покемонов типа льда
699.png,Тип рок-типа и покемонов типа льда
700.png,Сказочный покемон
701.png,Покемон боевого типа и летающий
702.png,Электрический и сказочный покемон
703.png,Тип рок-типа и покемонов
704.png,Покемон типа дракона
705.png,Покемон типа дракона
706.png,Покемон типа дракона
707.png,Стальной и сказочный покемон
708.png,Тип призрака и покемонов типа травы
709.png,Тип призрака и покемонов типа травы
710.png,Тип призрака и покемонов типа травы
711.png,Тип призрака и покемонов типа травы
712.png,Ледяной покемон
713.png,Ледяной покемон
714.png,Покемон с летающим типом и драконом
715.png,Покемон с летающим типом и драконом
716.png,Сказочный покемон
717.png,Темный тип и покемонов летающего типа
718.png,Покемон типа дракона и наземного типа
719.png,Тип рок-типа и покемонов
720.png,Покемон психического типа и призрачного типа
721.png,Покемон типа огня и водный тип
722.png,Покемон типа травы и летающего типа
723.png,Покемон типа травы и летающего типа
724.png,Покемон типа травы и призрака
725.png,Покемон огня
726.png,Покемон огня
727.png,Покемон огня и темного типа
728.png,Покемон воды
729.png,Покемон воды
730.png,Покемон воды и сказочного типа
731.png,Покемон нормального типа и летающего типа
732.png,Покемон нормального типа и летающего типа
733.png,Покемон нормального типа и летающего типа
734.png,Покемон нормального типа
735.png,Покемон нормального типа
736.png,Покемон типа ошибки
737.png,Покемон типа ошибки и электрический тип
738.png,Покемон типа ошибки и электрический тип
739.png,Покемон боевого типа
740.png,Покемон боевого типа и ледяного типа
741.png,Покемон пожарного типа и летающий
742.png,Тип ошибки и покемон сказочного типа
743.png,Тип ошибки и покемон сказочного типа
744.png,Покемон рок-типа
745.png,Покемон рок-типа
746.png,Покемон воды
747.png,Ядовитый и покемон
748.png,Ядовитый и покемон
749.png,Покемон наземного типа
750.png,Покемон наземного типа
751.png,Покемон типа воды и типа ошибки
752.png,Покемон типа воды и типа ошибки
753.png,Покемон типа травы
754.png,Покемон типа травы
755.png,Покемон типа травы и сказочного типа
756.png,Покемон типа травы и сказочного типа
757.png,Покемон типа ядовитого типа и
758.png,Покемон типа ядовитого типа и
759.png,Покемон нормального типа и боевого типа
760.png,Покемон нормального типа и боевого типа
761.png,Покемон типа травы
762.png,Покемон типа травы
763.png,Покемон типа травы
764.png,Сказочный покемон
765.png,Покемон нормального типа и психического типа
766.png,Покемон боевого типа
767.png,Покемон типа ошибки и водный тип
768.png,Покемон типа ошибки и водный тип
769.png,Тип призрака и покемон наземного типа
770.png,Тип призрака и покемон наземного типа
771.png,Покемон воды
772.png,Покемон нормального типа
773.png,Покемон нормального типа
774.png,Тип рок-типа и покемонов летающего типа
775.png,Покемон нормального типа
776.png,Покемон типа огня и дракона
777.png,Электрический и стальной покемон
778.png,Тип призрака и покемон сказочного типа
779.png,Покемон типа воды и психического типа
780.png,Покемон типа нормального типа и дракона
781.png,Тип призрака и покемонов типа травы
782.png,Покемон типа дракона
783.png,Тип дракона и покемонов с боевым типом
784.png,Тип дракона и покемонов с боевым типом
785.png,Электрический и сказочный покемон
786.png,Покемон психического типа и сказочного типа
787.png,Покемон типа травы и сказочного типа
788.png,Покемон воды и сказочного типа
789.png,Покемон психического типа
790.png,Покемон психического типа
791.png,Покемон психического типа и стального типа
792.png,Покемон психического типа и призрачного типа
793.png,Тип рок-типа и покемонов
794.png,Тип ошибки и покемонов с боевым типом
795.png,Тип ошибки и покемонов с боевым типом
796.png,Покемон электрического типа
797.png,Стальной и летающий покемон
798.png,Покемон типа травы и стального типа
799.png,Темный и драконский покемон
800.png,Покемон психического типа
801.png,Стальной и сказочный покемон
802.png,Покемон боевого типа и призрака
803.png,Покемон ядовитого типа
804.png,Покемон типа ядовитого типа и дракона
805.png,Покемон типа рок-типа и стального типа
806.png,Покемон типа огня и призрака
807.png,Покемон электрического типа
808.png,Стальной покемон
809.png,Стальной покемон
810.png,Покемон типа травы
811.png,Покемон типа травы
812.png,Покемон типа травы
813.png,Покемон огня
814.png,Покемон огня
815.png,Покемон огня
816.png,Покемон воды
817.png,Покемон воды
818.png,Покемон воды
819.png,Покемон нормального типа
820.png,Покемон нормального типа
821.png,Покемон летающего типа
822.png,Покемон летающего типа
823.png,Покемон летательного типа и стального типа
824.png,Покемон типа ошибки
825.png,Покемон типа ошибки и психического типа
826.png,Покемон типа ошибки и психического типа
827.png,Темный покемон
828.png,Темный покемон
829.png,Покемон типа травы
830.png,Покемон типа травы
831.png,Покемон нормального типа
832.png,Покемон нормального типа
833.png,Покемон воды
834.png,Покемон типа воды и рок-типа
835.png,Покемон электрического типа
836.png,Покемон электрического типа
837.png,Покемон рок-типа
838.png,Покемон типа рок-типа и огненного типа
839.png,Покемон типа рок-типа и огненного типа
840.png,Покемон типа травы и дракона
841.png,Покемон типа травы и дракона
842.png,Покемон типа травы и дракона
843.png,Покемон наземного типа
844.png,Покемон наземного типа
845.png,Покемон летающего типа и водяного типа
846.png,Покемон воды
847.png,Покемон воды
848.png,Электрический и ядовитый покемон
849.png,Электрический и ядовитый покемон
850.png,Покемон типа огня и типа ошибки
851.png,Покемон типа огня и типа ошибки
852.png,Покемон боевого типа
853.png,Покемон боевого типа
854.png,Покемон типа призрака
855.png,Покемон типа призрака
856.png,Покемон психического типа
857.png,Покемон психического типа
858.png,Покемон психического типа и сказочного типа
859.png,Темный и сказочный покемон
860.png,Темный и сказочный покемон
861.png,Темный и сказочный покемон
862.png,Покемон темного типа и нормального типа
863.png,Стальной покемон
864.png,Покемон типа призрака
865.png,Покемон боевого типа
866.png,Покемон типа льда и психического типа
867.png,Покемон наземного типа и призрачного типа
868.png,Сказочный покемон
869.png,Сказочный покемон
870.png,Покемон боевого типа
871.png,Покемон электрического типа
872.png,Покемон типа льда и типа жука
873.png,Покемон типа льда и типа жука
874.png,Покемон рок-типа
875.png,Ледяной покемон
876.png,Покемон психического типа и нормального типа
877.png,Электрический и темный покемон
878.png,Стальной покемон
879.png,Стальной покемон
880.png,Покемон с электрическим типом и драконом
881.png,Электрический и ледяной покемон
882.png,Покемон типа воды и дракона
883.png,Покемон типа воды и ледяного типа
884.png,Покемон типа стального и дракона
885.png,Покемон типа дракона и призрачного типа
886.png,Покемон типа дракона и призрачного типа
887.png,Покемон типа дракона и призрачного типа
888.png,Сказочный покемон
889.png,Покемон боевого типа
890.png,Покемон типа ядовитого типа и дракона
891.png,Покемон боевого типа
892.png,Боевой и темный покемон
893.png,Темный и травяной покемон
894.png,Покемон электрического типа
895.png,Покемон типа дракона
896.png,Ледяной покемон
897.png,Покемон типа призрака
898.png,Покемон психического типа и травяного типа
899.png,Покемон нормального типа и психического типа
900.png,Покемон типа ошибки и рок-типа
901.png,Покемон наземного типа и нормального типа
902.png,Покемон типа воды и призрачного типа
903.png,Покемон боевого типа и ядовитого типа
904.png,Темный и ядовитый покемон
905.png,Сказочный и покемон с летающим типом
10001.png,Покемон психического типа
10002.png,Покемон психического типа
10003.png,Покемон психического типа
10004.png,Тип ошибки и покемонов наземного типа
10005.png,Покемон типа ошибки и стального типа
10006.png,Покемон типа травы и летающего типа
10007.png,Тип призрака и покемонов типа дракона
10008.png,Электрический тип и покемон огня
10009.png,Электрический тип и покемон воды
10010.png,Электрический и ледяной покемон
10011.png,Электрический тип и покемонов летающего типа
10012.png,Электрический и травяной покемон
10013.png,Покемон огня
10014.png,Покемон воды
10015.png,Ледяной покемон
10016.png,Покемон воды
10017.png,Покемон огня и психического типа
10018.png,Покемон нормального типа и боевого типа
10019.png,Покемон летающего типа
10020.png,Электрический тип и покемонов летающего типа
10021.png,Покемон наземного типа и летающего типа
10022.png,Покемон типа дракона и ледяного типа
10023.png,Покемон типа дракона и ледяного типа
10024.png,Покемон с водным типом и боевым типом
10025.png,Покемон психического типа
10026.png,Стальной и призрачный покемон
10027.png,Тип призрака и покемонов типа травы
10028.png,Тип призрака и покемонов типа травы
10029.png,Тип призрака и покемонов типа травы
10030.png,Тип призрака и покемонов типа травы
10031.png,Тип призрака и покемонов типа травы
10032.png,Тип призрака и покемонов типа травы
10033.png,Покемон типа травы и ядовитого типа
10034.png,Покемон типа огня и дракона
10035.png,Покемон пожарного типа и летающий
10036.png,Покемон воды
10037.png,Покемон психического типа
10038.png,Тип призрака и покемонов
10039.png,Покемон нормального типа
10040.png,Покемон типа ошибки и летающий
10041.png,Покемон воды и темного типа
10042.png,Тип рок-типа и покемонов летающего типа
10043.png,Психический тип и покемон с боевым типом
10044.png,Покемон психического типа
10045.png,Покемон с электрическим типом и драконом
10046.png,Покемон типа ошибки и стального типа
10047.png,Тип ошибки и покемонов с боевым типом
10048.png,Темный и огненный покемон
10049.png,Тип рок-типа и покемонов темного типа
10050.png,Покемон пожарного типа и боевого типа
10051.png,Покемон психического типа и сказочного типа
10052.png,Стальной и сказочный покемон
10053.png,Стальной покемон
10054.png,Покемон боевого типа и психического типа
10055.png,Покемон электрического типа
10056.png,Покемон типа призрака
10057.png,Темный покемон
10058.png,Покемон типа дракона и наземного типа
10059.png,Покемон боевого типа и стального типа
10060.png,Покемон типа травы и ледяного типа
10062.png,Покемон типа дракона и психического типа
10063.png,Покемон типа дракона и психического типа
10064.png,Покемон типа воды и наземного типа
10065.png,Покемон типа травы и дракона
10066.png,Темный тип и покемонов призрачного типа
10067.png,Покемон типа дракона и сказок
10068.png,Психический тип и покемон с боевым типом
10069.png,Покемон нормального типа и сказочного типа
10070.png,Покемон воды и темного типа
10071.png,Покемон типа воды и психического типа
10072.png,Стальной и наземной покемон
10073.png,Покемон нормального типа и летающего типа
10074.png,Ледяной покемон
10075.png,Тип рок-типа и покемонов
10076.png,Стальной и психический покемон
10077.png,Покемон воды
10078.png,Покемон наземного типа и огненного типа
10079.png,Покемон типа дракона и летающий
10080.png,Покемон электрического типа
10081.png,Покемон электрического типа
10082.png,Покемон электрического типа
10083.png,Покемон электрического типа
10084.png,Покемон электрического типа
10086.png,Психический тип и покемон темного типа
10087.png,Покемон пожарного типа и наземного типа
10088.png,Покемон нормального типа и боевого типа
10089.png,Покемон типа дракона и летающий
10090.png,Покемон типа ошибок и ядовитого типа
10091.png,Покемон темного типа и нормального типа
10092.png,Покемон темного типа и нормального типа
10093.png,Покемон темного типа и нормального типа
10094.png,Покемон электрического типа
10095.png,Покемон электрического типа
10096.png,Покемон электрического типа
10097.png,Покемон электрического типа
10098.png,Покемон электрического типа
10099.png,Покемон электрического типа
10100.png,Электрический тип и покемон психического типа
10101.png,Покемон типа льда и стального типа
10102.png,Покемон типа льда и стального типа
10103.png,Ледяной покемон
10104.png,Покемон типа льда и сказочного типа
10105.png,Покемон наземного типа и стального типа
10106.png,Покемон наземного типа и стального типа
10107.png,Темный покемон
10108.png,Темный покемон
10109.png,Покемон типа рок-типа и электрический тип
10110.png,Покемон типа рок-типа и электрический тип
10111.png,Покемон типа рок-типа и электрический тип
10112.png,Ядовитый и темный покемон
10113.png,Ядовитый и темный покемон
10114.png,Покемон типа травы и дракона
10115.png,Покемон типа огня и призрака
10117.png,Покемон воды и темного типа
10118.png,Покемон типа дракона и наземного типа
10119.png,Покемон типа дракона и наземного типа
10120.png,Покемон типа дракона и наземного типа
10123.png,Электрический тип и покемонов летающего типа
10124.png,Психический тип и покемонов летающего типа
10125.png,Тип призрака и покемонов летающего типа
10126.png,Покемон рок-типа
10127.png,Покемон воды
10128.png,Покемон типа травы
10129.png,Покемон типа ядовитого типа и
10136.png,Тип рок-типа и покемонов летающего типа
10144.png,Тип призрака и покемон сказочного типа
10146.png,Тип дракона и покемонов с боевым типом
10148.png,Покемон электрического типа
10149.png,Покемон типа огня и призрака
10150.png,Тип ошибки и покемон сказочного типа
10151.png,Покемон рок-типа
10152.png,Покемон рок-типа
10153.png,Покемон типа воды и типа ошибки
10154.png,Электрический и стальной покемон
10155.png,Покемон психического типа и стального типа
10156.png,Покемон психического типа и призрачного типа
10157.png,Покемон психического типа и дракона
10160.png,Покемон электрического типа
10161.png,Стальной покемон
10162.png,Покемон психического типа
10163.png,Покемон психического типа и сказочного типа
10164.png,Покемон психического типа
10165.png,Покемон
10166.png,Покемон боевого типа
10167.png,Ядовитый и сказочный покемон
10168.png,Покемон типа льда и психического типа
10169.png,Психический тип и покемонов летающего типа
10170.png,Покемон боевого типа и летающий
10171.png,Темный тип и покемонов летающего типа
10172.png,Покемон
10173.png,Покемон типа призрака
10174.png,Покемон темного типа и нормального типа
10175.png,Покемон темного типа и нормального типа
10176.png,Ледяной покемон
10177.png,Ледяной покемон
10179.png,Покемон наземного типа и призрачного типа
10180.png,Покемон наземного типа и стального типа
10184.png,Электрический и ядовитый покемон
10185.png,Ледяной покемон
10186.png,Покемон психического типа и нормального типа
10188.png,Сказочный и стальной покемон
10189.png,Покемон боевого типа и стального типа
10191.png,Покемон боевого типа и воды
10193.png,Покемон психического типа и ледяного типа
10194.png,Покемон психического типа и призрачного типа
10195.png,Покемон типа травы и ядовитого типа
10196.png,Покемон пожарного типа и летающий
10197.png,Покемон воды
10198.png,Покемон типа ошибки и летающий
10199.png,Покемон электрического типа
10200.png,Покемон нормального типа
10201.png,Покемон боевого типа
10202.png,Тип призрака и покемонов
10203.png,Покемон воды
10204.png,Покемон типа воды и ледяного типа
10205.png,Покемон нормального типа
10206.png,Покемон нормального типа
10207.png,Покемон ядовитого типа
10208.png,Стальной покемон
10209.png,Покемон типа травы
10210.png,Покемон огня
10211.png,Покемон воды
10212.png,Покемон летательного типа и стального типа
10213.png,Покемон типа ошибки и психического типа
10214.png,Покемон типа воды и рок-типа
10215.png,Покемон типа рок-типа и огненного типа
10216.png,Покемон типа травы и дракона
10217.png,Покемон типа травы и дракона
10218.png,Покемон наземного типа
10219.png,Электрический и ядовитый покемон
10220.png,Покемон типа огня и типа ошибки
10221.png,Покемон психического типа и сказочного типа
10222.png,Темный и сказочный покемон
10223.png,Сказочный покемон
10224.png,Стальной покемон
10225.png,Покемон типа стального и дракона
10226.png,Боевой и темный покемон
10227.png,Покемон боевого типа и воды
10228.png,Электрический и ядовитый покемон
10229.png,Покемон типа огня и рок-типа
10230.png,Покемон типа огня и рок-типа
10231.png,Электрический и травяной покемон
10232.png,Электрический и травяной покемон
10233.png,Покемон типа огня и призрака
10234.png,Темный и ядовитый покемон
10235.png,Покемон боевого типа и ядовитого типа
10236.png,Покемон воды и темного типа
10237.png,Покемон типа травы и боевого типа
10238.png,Покемон нормального типа и призрачного типа
10239.png,Покемон нормального типа и призрачного типа
10240.png,Психический тип и покемонов летающего типа
10241.png,Покемон типа стального и дракона
10242.png,Покемон типа стального и дракона
10243.png,Покемон типа льда и рок-типа
10244.png,Покемон типа травы и боевого типа
10245.png,Покемон типа стального и дракона
10246.png,Покемон типа воды и дракона
10247.png,Покемон воды
10248.png,Покемон типа воды и призрачного типа
10249.png,Сказочный и покемон с летающим типом
